{"cameraMode":{"drawMode":0,"name":"Shaded","section":"Shading Mode"},"sceneLighting":false,"audioPlay":false,"sceneViewState":{"m_AlwaysRefresh":false,"showFog":true,"showSkybox":false,"showFlares":true,"showImageEffects":true,"showParticleSystems":true,"showVisualEffectGraphs":true,"m_FxEnabled":true},"in2DMode":false,"pivot":{"x":-0.3500000238418579,"y":0.20000000298023225,"z":-0.30000001192092898},"rotation":{"x":-0.22822967171669007,"y":0.6724777817726135,"z":-0.23018255829811097,"w":-0.6654269695281982},"size":0.36400550603866579,"orthographic":false}